id,first_name,last_name,email,gender,group,last_login 1,Thorndike,Butchers,tbutchers0@howstuffworks.com,Male,Outdoors,11/25/2023 2,Benedicta,Mattiazzo,bmattiazzo1@bbb.org,Female,Jewelry,9/10/2024 3,Melanie,Hotton,mhotton2@clickbank.net,Female,Computers,12/2/2023 4,Hakim,Ainley,hainley3@slashdot.org,Male,Grocery,7/31/2024 5,Abeu,MacKeig,amackeig4@time.com,Male,Toys,11/5/2023 6,Dewey,Alexandrou,dalexandrou5@delicious.com,Genderfluid,Shoes,7/15/2024 7,Bartholomeus,Beneze,bbeneze6@nymag.com,Male,Home,3/23/2024 8,Michelina,Shelp,mshelp7@sciencedaily.com,Female,Baby,10/2/2024 9,Cointon,Lovekin,clovekin8@vimeo.com,Male,Toys,8/31/2024 10,Frederigo,Luckey,fluckey9@usatoday.com,Male,Beauty,5/24/2024 11,Errol,Middlehurst,emiddlehursta@engadget.com,Male,Beauty,6/1/2024 12,Giselbert,Ost,gostb@symantec.com,Bigender,Baby,7/29/2024 13,Virgina,Bencher,vbencherc@upenn.edu,Female,Sports,5/8/2024 14,Iosep,Garthside,igarthsided@typepad.com,Male,Games,12/22/2023 15,Jacki,Tredger,jtredgere@ibm.com,Female,Shoes,1/18/2024 16,Renae,Rablin,rrablinf@va.gov,Female,Sports,9/4/2024 17,Minda,Botger,mbotgerg@mashable.com,Female,Sports,7/26/2024 18,Huntington,Beldom,hbeldomh@360.cn,Male,Kids,12/22/2023 19,Meade,Agastina,magastinai@ustream.tv,Female,Tools,9/1/2024 20,Farrand,Reese,freesej@sogou.com,Female,Clothing,8/30/2024 21,Hart,Flook,hflookk@blinklist.com,Male,Garden,5/16/2024 22,Anthony,Iles,ailesl@altervista.org,Male,Movies,5/31/2024 23,Micheline,Southerden,msoutherdenm@amazon.co.jp,Female,Shoes,5/20/2024 24,Demetri,Hanssmann,dhanssmannn@1und1.de,Male,Computers,12/10/2023 25,Ceil,Melody,cmelodyo@behance.net,Female,Garden, 26,Virgil,Le feuvre,vlefeuvrep@digg.com,Male,Shoes,6/11/2024 27,Robbie,Wisby,rwisbyq@i2i.jp,Female,Movies,11/14/2023 28,Pace,Edison,pedisonr@gnu.org,Male,Kids,12/19/2023 29,Almira,Wellbank,awellbanks@shinystat.com,Female,Beauty,1/20/2024 30,Helen,McRory,hmcroryt@dagondesign.com,Female,Tools,9/20/2024 31,Katharine,Yonge,kyongeu@guardian.co.uk,Female,Sports,10/20/2023 32,Verne,Kimbley,vkimbleyv@constantcontact.com,Male,Movies,8/3/2024 33,Francesca,Gatecliffe,fgatecliffew@trellian.com,Female,Beauty,4/10/2024 34,Mable,Benettelli,mbenettellix@aboutads.info,Female,Automotive,5/13/2024 35,Elihu,Fulger,efulgery@shareasale.com,Male,Clothing,6/4/2024 36,Alla,Lucks,alucksz@symantec.com,Female,Books,12/27/2023 37,Nicolas,Ronisch,nronisch10@a8.net,Male,Music,8/20/2024 38,Josey,Blasik,jblasik11@nydailynews.com,Female,Industrial,4/23/2024 39,Law,Bester,lbester12@comsenz.com,Male,Clothing,7/7/2024 40,Kata,Gordon-Giles,kgordongiles13@answers.com,Female,Movies,7/12/2024 41,Rodie,Dunhill,rdunhill14@google.com.au,Female,Books,6/27/2024 42,Arlan,Sains,asains15@typepad.com,Male,Tools,9/3/2024 43,Chrysler,Rizzo,crizzo16@csmonitor.com,Female,Movies,3/14/2024 44,Hieronymus,Overill,hoverill17@multiply.com,Male,Movies,5/4/2024 45,Fan,Madner,fmadner18@discuz.net,Female,Health,10/31/2023 46,Ximenes,Koppeck,xkoppeck19@addthis.com,Male,Music,11/16/2023 47,Amos,Shobrook,ashobrook1a@ebay.co.uk,Male,Garden,12/13/2023 48,Cyrus,Di Meo,cdimeo1b@feedburner.com,Male,Kids,7/3/2024 49,Corbie,Ferrieroi,cferrieroi1c@dot.gov,Male,Shoes,3/6/2024 50,Rosaleen,Dumphries,rdumphries1d@utexas.edu,Female,Electronics,6/27/2024 51,Sena,Sarten,ssarten1e@ustream.tv,Female,Sports,8/10/2024 52,Harwell,Frisby,hfrisby1f@state.gov,Male,Books,11/6/2023 53,Melinde,Antal,mantal1g@marketwatch.com,Female,Outdoors,9/5/2024 54,Brody,Havock,bhavock1h@shop-pro.jp,Male,Beauty, 55,Marquita,Slide,mslide1i@deviantart.com,Female,Outdoors,11/3/2023 56,Bibi,Pabst,bpabst1j@ustream.tv,Female,Shoes,11/27/2023 57,Rosco,Doge,rdoge1k@ca.gov,Male,Computers,9/30/2024 58,Ertha,Sircomb,esircomb1l@columbia.edu,Female,Grocery,7/31/2024 59,Goddard,Daws,gdaws1m@123-reg.co.uk,Male,Outdoors,6/15/2024 60,Rhys,Spensley,rspensley1n@cafepress.com,Male,Automotive,6/22/2024 61,Delmer,Crenshaw,dcrenshaw1o@ustream.tv,Male,Baby,8/9/2024 62,Loreen,Gainforth,lgainforth1p@epa.gov,Female,Sports,8/16/2024 63,Benjamen,Obell,bobell1q@epa.gov,Male,Computers,4/23/2024 64,Olivie,Janowicz,ojanowicz1r@nifty.com,Female,Games,5/16/2024 65,Rourke,Pentecost,rpentecost1s@mayoclinic.com,Male,Jewelry,10/31/2023 66,Emmeline,Rosson,erosson1t@bloomberg.com,Female,Baby,9/11/2024 67,Lisbeth,Mansion,lmansion1u@squidoo.com,Female,Kids,12/31/2023 68,Ailey,Edgcumbe,aedgcumbe1v@pcworld.com,Female,Industrial,10/8/2024 69,Frederigo,Gregersen,fgregersen1w@un.org,Bigender,Shoes,4/5/2024 70,Lowrance,Boulger,lboulger1x@freewebs.com,Male,Beauty,1/24/2024 71,Bonni,Broggio,bbroggio1y@geocities.jp,Female,Tools,2/7/2024 72,Randie,Bousfield,rbousfield1z@spiegel.de,Male,Toys,4/9/2024 73,Fergus,Henke,fhenke20@cdc.gov,Male,Baby,7/23/2024 74,Dotti,Ofer,dofer21@cdc.gov,Female,Health,11/23/2023 75,Alister,Penhallurick,apenhallurick22@constantcontact.com,Male,Toys,6/14/2024 76,Myrtice,Sans,msans23@whitehouse.gov,Female,Automotive,3/5/2024 77,Fey,Kroon,fkroon24@psu.edu,Genderqueer,Music,6/12/2024 78,Yehudit,Petrelli,ypetrelli25@friendfeed.com,Male,Garden,11/21/2023 79,Carlin,Biggar,cbiggar26@ow.ly,Female,Movies,4/13/2024 80,Ermentrude,Hounihan,ehounihan27@ifeng.com,Female,Industrial,2/22/2024 81,Luce,Phettiplace,lphettiplace28@weibo.com,Female,Health,11/16/2023 82,Godart,Ludwell,gludwell29@last.fm,Male,Industrial,4/28/2024 83,Alexina,Poltun,apoltun2a@auda.org.au,Female,Outdoors,1/4/2024 84,Anjanette,Symcox,asymcox2b@howstuffworks.com,Female,Books,3/15/2024 85,Emilie,McCallister,emccallister2c@networksolutions.com,Female,Automotive,6/19/2024 86,Gordan,MacGuiness,gmacguiness2d@techcrunch.com,Male,Tools, 87,Odie,Willan,owillan2e@gravatar.com,Male,Toys,10/22/2023 88,Trescha,Hrachovec,thrachovec2f@squarespace.com,Female,Games,8/8/2024 89,Antonetta,Briston,abriston2g@engadget.com,Female,Outdoors,12/6/2023 90,Averil,Hargreves,ahargreves2h@mediafire.com,Female,Outdoors,7/30/2024 91,Goddart,Monger,gmonger2i@census.gov,Male,Health,2/7/2024 92,Otho,Cleyburn,ocleyburn2j@abc.net.au,Male,Clothing,7/13/2024 93,Cristiano,Zupa,czupa2k@digg.com,Male,Industrial,11/26/2023 94,Alvinia,Penberthy,apenberthy2l@g.co,Female,Baby,4/24/2024 95,Pandora,Garvagh,pgarvagh2m@uiuc.edu,Female,Toys,9/28/2024 96,Dasha,Setchfield,dsetchfield2n@fc2.com,Female,Automotive,9/14/2024 97,Paulina,Edwick,pedwick2o@techcrunch.com,Female,Home,6/29/2024 98,Skell,Usborn,susborn2p@senate.gov,Male,Outdoors,8/9/2024 99,Adoree,Slaten,aslaten2q@nymag.com,Female,Outdoors, 100,Pedro,Ornelas,pornelas2r@dell.com,Bigender,Home,9/22/2024 101,Dannel,Lea,dlea2s@163.com,Male,Clothing,4/8/2024 102,Meaghan,Snare,msnare2t@japanpost.jp,Female,Automotive,6/10/2024 103,Domenic,Greydon,dgreydon2u@amazon.co.jp,Male,Industrial,3/31/2024 104,Rees,Rosettini,rrosettini2v@biblegateway.com,Male,Music,5/13/2024 105,Pammie,Cardew,pcardew2w@sohu.com,Female,Clothing,11/2/2023 106,Darrell,Dreschler,ddreschler2x@cargocollective.com,Male,Home, 107,Luke,Lerohan,llerohan2y@google.es,Male,Garden,7/30/2024 108,Tory,Pavey,tpavey2z@earthlink.net,Female,Automotive,2/3/2024 109,Clementia,Titheridge,ctitheridge30@exblog.jp,Female,Electronics,7/21/2024 110,Beck,Janout,bjanout31@go.com,Male,Toys,1/9/2024 111,Zilvia,Caughan,zcaughan32@netvibes.com,Female,Outdoors,3/16/2024 112,Rollie,Rollings,rrollings33@ibm.com,Male,Home,4/27/2024 113,Fifine,Lidgate,flidgate34@tuttocitta.it,Female,Garden,4/6/2024 114,Kahaleel,Mammatt,kmammatt35@shinystat.com,Male,Baby,3/5/2024 115,Lucas,Chaloner,lchaloner36@tiny.cc,Male,Baby,5/3/2024 116,Garry,Maurice,gmaurice37@nps.gov,Male,Automotive, 117,Moise,Theseira,mtheseira38@usatoday.com,Genderfluid,Shoes,12/25/2023 118,Xavier,Streetfield,xstreetfield39@youtu.be,Male,Grocery,9/4/2024 119,Scotty,Donson,sdonson3a@wordpress.org,Male,Books,9/14/2024 120,Celle,Caesmans,ccaesmans3b@walmart.com,Agender,Sports,2/23/2024 121,Bathsheba,Darte,bdarte3c@aboutads.info,Female,Sports,8/12/2024 122,Chickie,Hevey,chevey3d@arstechnica.com,Female,Outdoors,7/22/2024 123,Patti,Buzek,pbuzek3e@topsy.com,Female,Books,8/2/2024 124,Keir,Bryceson,kbryceson3f@apple.com,Male,Home,8/16/2024 125,Courtnay,Marcu,cmarcu3g@archive.org,Male,Electronics, 126,Gipsy,Clawsley,gclawsley3h@infoseek.co.jp,Female,Automotive,4/11/2024 127,Gail,Colquit,gcolquit3i@icio.us,Male,Grocery,1/24/2024 128,Mervin,Croker,mcroker3j@unblog.fr,Male,Electronics,6/2/2024 129,Pyotr,Dunton,pdunton3k@wix.com,Male,Music,2/16/2024 130,Reese,MacGettigen,rmacgettigen3l@vistaprint.com,Male,Health,7/5/2024 131,Curr,Abramowitz,cabramowitz3m@123-reg.co.uk,Male,Toys,3/14/2024 132,Dacey,Morrish,dmorrish3n@freewebs.com,Female,Garden, 133,Cchaddie,Leghorn,cleghorn3o@sohu.com,Male,Jewelry,6/22/2024 134,Iona,Van den Oord,ivandenoord3p@nymag.com,Female,Computers,12/14/2023 135,Earle,Chominski,echominski3q@furl.net,Male,Kids,10/20/2023 136,Dyane,Muzzini,dmuzzini3r@jugem.jp,Female,Baby,4/12/2024 137,Dean,Vlasenkov,dvlasenkov3s@live.com,Male,Automotive,9/9/2024 138,Larry,Vertigan,lvertigan3t@tuttocitta.it,Male,Computers,12/16/2023 139,Devi,Sparkwill,dsparkwill3u@bloomberg.com,Female,Health,2/2/2024 140,Jacky,McTiernan,jmctiernan3v@msu.edu,Female,Books,5/14/2024 141,Luca,Umpleby,lumpleby3w@chicagotribune.com,Non-binary,Games,2/25/2024 142,Arlie,Karchewski,akarchewski3x@psu.edu,Female,Kids, 143,Edan,Shaddock,eshaddock3y@behance.net,Male,Books,11/17/2023 144,Agosto,Brunotti,abrunotti3z@cafepress.com,Male,Outdoors,2/11/2024 145,Tommy,Peasegood,tpeasegood40@cnn.com,Male,Kids,1/10/2024 146,Rivy,Bools,rbools41@who.int,Female,Music,11/28/2023 147,Corty,Penny,cpenny42@archive.org,Male,Baby,1/15/2024 148,Winonah,Ciobutaro,wciobutaro43@cocolog-nifty.com,Female,Garden,5/16/2024 149,Dode,Payne,dpayne44@state.gov,Female,Tools,12/22/2023 150,Benedikta,Burberye,bburberye45@nifty.com,Female,Movies,5/10/2024 151,Mercy,Connow,mconnow46@forbes.com,Female,Books,9/23/2024 152,Emelen,Varcoe,evarcoe47@whitehouse.gov,Agender,Home,5/31/2024 153,Arlena,Milius,amilius48@storify.com,Genderfluid,Tools,12/14/2023 154,Merwin,Tincombe,mtincombe49@rakuten.co.jp,Male,Jewelry,3/19/2024 155,Cam,Hitter,chitter4a@princeton.edu,Male,Clothing,9/7/2024 156,Nicholas,Lucas,nlucas4b@omniture.com,Male,Grocery,6/21/2024 157,Willem,Mattingley,wmattingley4c@php.net,Male,Outdoors,7/5/2024 158,Hale,Prisley,hprisley4d@google.fr,Male,Books,1/7/2024 159,Haley,Bedome,hbedome4e@amazonaws.com,Male,Toys,4/18/2024 160,Verile,Hellmer,vhellmer4f@youtu.be,Female,Grocery,8/5/2024 161,Tonnie,Jerke,tjerke4g@paypal.com,Male,Grocery,12/12/2023 162,Annamarie,Norster,anorster4h@photobucket.com,Female,Beauty,12/11/2023 163,Harald,Bahike,hbahike4i@independent.co.uk,Male,Sports,9/16/2024 164,Joly,Troak,jtroak4j@symantec.com,Female,Toys,8/22/2024 165,Maible,Polet,mpolet4k@washingtonpost.com,Female,Kids,2/24/2024 166,Adrien,Ochterlonie,aochterlonie4l@springer.com,Male,Sports,2/3/2024 167,Devonne,Flute,dflute4m@e-recht24.de,Female,Grocery,11/4/2023 168,Neall,Beal,nbeal4n@amazon.co.jp,Male,Outdoors,8/11/2024 169,Concettina,Newman,cnewman4o@theglobeandmail.com,Female,Garden,9/6/2024 170,Gregg,Leddy,gleddy4p@skype.com,Male,Shoes,4/18/2024 171,Maybelle,Hatton,mhatton4q@buzzfeed.com,Female,Clothing,6/24/2024 172,Murry,Pigrome,mpigrome4r@imageshack.us,Male,Computers,2/17/2024 173,Filippo,Smullen,fsmullen4s@nymag.com,Male,Baby,8/18/2024 174,Selma,Sjostrom,ssjostrom4t@kickstarter.com,Non-binary,Industrial,10/7/2024 175,Lorri,Grzeszczak,lgrzeszczak4u@ucsd.edu,Female,Kids,3/9/2024 176,Renaldo,Mollindinia,rmollindinia4v@nydailynews.com,Non-binary,Jewelry,6/13/2024 177,D'arcy,Vidgen,dvidgen4w@princeton.edu,Male,Garden, 178,Mata,oldey,moldey4x@unblog.fr,Polygender,Health,8/5/2024 179,Marjie,Hedderly,mhedderly4y@infoseek.co.jp,Female,Health,11/1/2023 180,Zolly,Boleyn,zboleyn4z@live.com,Male,Outdoors,8/10/2024 181,Thorn,Kobsch,tkobsch50@unicef.org,Male,Games,12/24/2023 182,Blane,Todhunter,btodhunter51@chicagotribune.com,Male,Clothing,10/9/2024 183,Viviene,Simion,vsimion52@clickbank.net,Female,Movies,1/29/2024 184,Rodd,Bonevant,rbonevant53@adobe.com,Agender,Sports,2/20/2024 185,Taddeo,Toe,ttoe54@state.tx.us,Male,Computers,5/4/2024 186,Jere,Cromley,jcromley55@thetimes.co.uk,Male,Games,4/25/2024 187,Moore,Yannikov,myannikov56@toplist.cz,Male,Baby,9/5/2024 188,Jeannette,Lovemore,jlovemore57@qq.com,Female,Beauty, 189,Rana,Husband,rhusband58@disqus.com,Female,Home,12/15/2023 190,Garold,Smyley,gsmyley59@google.ca,Male,Home,12/1/2023 191,Inger,Swatton,iswatton5a@imdb.com,Male,Toys,11/21/2023 192,Duane,Backman,dbackman5b@skype.com,Male,Jewelry,11/12/2023 193,Daryle,Lere,dlere5c@flavors.me,Male,Outdoors,12/3/2023 194,Shannen,Geffe,sgeffe5d@census.gov,Female,Baby,5/13/2024 195,Aurora,Gravestone,agravestone5e@cafepress.com,Female,Sports,3/15/2024 196,Frederigo,Cheke,fcheke5f@flavors.me,Male,Jewelry,1/30/2024 197,Clark,Hedden,chedden5g@google.pl,Male,Sports,4/12/2024 198,Carver,Raincin,craincin5h@disqus.com,Male,Grocery,4/10/2024 199,Symon,Czajkowska,sczajkowska5i@army.mil,Male,Toys,12/26/2023 200,Nessy,MacSorley,nmacsorley5j@mtv.com,Female,Games,10/13/2024 201,Josephina,Bruckstein,jbruckstein5k@icq.com,Female,Kids,10/1/2024 202,Michele,Hansel,mhansel5l@shinystat.com,Female,Electronics,9/12/2024 203,Hilarius,Couves,hcouves5m@mediafire.com,Male,Kids,5/27/2024 204,Ame,Gartery,agartery5n@guardian.co.uk,Female,Grocery,8/1/2024 205,Effie,Antonomoli,eantonomoli5o@posterous.com,Non-binary,Toys, 206,Bert,Clutheram,bclutheram5p@fastcompany.com,Non-binary,Shoes,5/1/2024 207,Paulita,Crusham,pcrusham5q@deliciousdays.com,Female,Shoes,11/3/2023 208,Willis,Lazer,wlazer5r@domainmarket.com,Male,Kids,8/19/2024 209,Jeanelle,Ecclesall,jecclesall5s@youtube.com,Female,Grocery,8/30/2024 210,Charmian,Brickdale,cbrickdale5t@sitemeter.com,Female,Tools,9/22/2024 211,Celina,Gegg,cgegg5u@joomla.org,Female,Kids,9/22/2024 212,Banky,Romaynes,bromaynes5v@g.co,Male,Baby,4/2/2024 213,Kelwin,Kitman,kkitman5w@chron.com,Male,Toys,6/21/2024 214,Gavan,Booley,gbooley5x@webmd.com,Male,Books,9/5/2024 215,Vivyan,Whittet,vwhittet5y@mozilla.org,Female,Books,3/12/2024 216,Richard,Mc Meekin,rmcmeekin5z@liveinternet.ru,Male,Outdoors,4/26/2024 217,Kim,Zannotelli,kzannotelli60@taobao.com,Male,Outdoors,3/27/2024 218,Cecilla,Burch,cburch61@psu.edu,Female,Sports,9/10/2024 219,Bette-ann,Dyerson,bdyerson62@rediff.com,Female,Games,1/31/2024 220,Carlos,Barbey,cbarbey63@sohu.com,Male,Books,10/2/2024 221,Randal,Poinsett,rpoinsett64@yale.edu,Male,Clothing,3/18/2024 222,Shane,Hembling,shembling65@51.la,Male,Movies,4/13/2024 223,Garth,Trowle,gtrowle66@springer.com,Male,Games,7/26/2024 224,Joellen,Wolfenden,jwolfenden67@aboutads.info,Female,Jewelry,7/5/2024 225,Roley,O'Mannion,romannion68@apple.com,Genderfluid,Health,9/4/2024 226,Ware,Laundon,wlaundon69@tiny.cc,Male,Music,8/19/2024 227,Marice,Shaughnessy,mshaughnessy6a@blogspot.com,Female,Home,3/28/2024 228,Renard,Stanbury,rstanbury6b@alibaba.com,Male,Garden,6/19/2024 229,Staford,Hollerin,shollerin6c@cisco.com,Male,Toys,12/14/2023 230,Cate,Feronet,cferonet6d@sina.com.cn,Female,Baby,1/5/2024 231,Abe,Rubee,arubee6e@springer.com,Male,Health,7/29/2024 232,Christye,Swiffen,cswiffen6f@wix.com,Genderfluid,Books,2/18/2024 233,Ashlin,Corran,acorran6g@webeden.co.uk,Male,Home,6/2/2024 234,Robby,Kleiser,rkleiser6h@nationalgeographic.com,Female,Kids,1/23/2024 235,Bernete,Retchless,bretchless6i@hibu.com,Female,Automotive,9/6/2024 236,Konstantin,Wasteney,kwasteney6j@webs.com,Male,Jewelry,9/11/2024 237,Phillipp,Millberg,pmillberg6k@dion.ne.jp,Male,Games,11/15/2023 238,Elias,Klimkovich,eklimkovich6l@berkeley.edu,Male,Electronics,9/20/2024 239,Lynelle,O'Currane,locurrane6m@ifeng.com,Non-binary,Home,10/23/2023 240,Mabel,Bolf,mbolf6n@washingtonpost.com,Female,Computers,3/3/2024 241,Nicki,Balleine,nballeine6o@google.ca,Female,Garden,10/1/2024 242,Diena,McTeague,dmcteague6p@qq.com,Female,Shoes,6/14/2024 243,Mitchael,Semper,msemper6q@reddit.com,Male,Computers,1/18/2024 244,Gideon,Dodgson,gdodgson6r@marketwatch.com,Male,Books,9/20/2024 245,Romonda,Godsafe,rgodsafe6s@wired.com,Female,Home,9/26/2024 246,Dannel,Munkton,dmunkton6t@comsenz.com,Male,Games,6/6/2024 247,Bone,Torrecilla,btorrecilla6u@reddit.com,Male,Garden,10/11/2024 248,Conroy,Eadie,ceadie6v@earthlink.net,Male,Games,7/1/2024 249,Melloney,Tucknott,mtucknott6w@msn.com,Genderqueer,Electronics,12/6/2023 250,Marybeth,Heineke,mheineke6x@state.tx.us,Female,Books,7/18/2024 251,Tate,Basilotta,tbasilotta6y@canalblog.com,Male,Tools,2/8/2024 252,Richardo,Vergine,rvergine6z@cargocollective.com,Genderqueer,Tools,6/17/2024 253,Larisa,Izhak,lizhak70@army.mil,Female,Home, 254,Rana,Boyce,rboyce71@ibm.com,Female,Garden,7/20/2024 255,Alix,Branford,abranford72@skype.com,Male,Tools,1/25/2024 256,Denni,Cranstoun,dcranstoun73@psu.edu,Female,Tools,5/5/2024 257,Winni,McCready,wmccready74@liveinternet.ru,Female,Garden,2/8/2024 258,Rudolf,Kear,rkear75@ted.com,Male,Clothing,11/9/2023 259,Rollin,Mulryan,rmulryan76@msn.com,Male,Grocery,7/21/2024 260,Seymour,Brazier,sbrazier77@opera.com,Male,Computers,6/27/2024 261,Merrile,Khilkov,mkhilkov78@fc2.com,Female,Health,7/26/2024 262,Montague,Knibley,mknibley79@newyorker.com,Agender,Health,8/26/2024 263,Molli,Foy,mfoy7a@nydailynews.com,Female,Sports,1/27/2024 264,Reggie,Cosgriff,rcosgriff7b@businesswire.com,Female,Home,9/20/2024 265,Martha,Le Fevre,mlefevre7c@nytimes.com,Female,Jewelry,1/3/2024 266,Bevon,Daouse,bdaouse7d@studiopress.com,Male,Outdoors,8/6/2024 267,Celeste,Eliesco,celiesco7e@msn.com,Female,Beauty,4/26/2024 268,Lonnie,Webbe,lwebbe7f@meetup.com,Female,Shoes,2/11/2024 269,Boyce,Kubacki,bkubacki7g@linkedin.com,Male,Shoes,4/26/2024 270,Fidelio,Straniero,fstraniero7h@fotki.com,Male,Beauty,8/1/2024 271,Sybilla,Bisco,sbisco7i@4shared.com,Female,Beauty,10/19/2023 272,Darline,Larver,dlarver7j@deliciousdays.com,Female,Garden,12/10/2023 273,Way,Delue,wdelue7k@exblog.jp,Male,Beauty,11/23/2023 274,Cass,Queripel,cqueripel7l@imageshack.us,Male,Grocery,6/9/2024 275,Gabe,Ormrod,gormrod7m@alexa.com,Male,Kids,5/6/2024 276,Roger,Scola,rscola7n@lulu.com,Male,Garden,3/17/2024 277,Olin,Dearsley,odearsley7o@ft.com,Male,Grocery, 278,Franny,Rainforth,frainforth7p@naver.com,Female,Clothing,5/22/2024 279,Xever,Oxshott,xoxshott7q@blinklist.com,Genderqueer,Games,10/17/2024 280,Tymon,Savell,tsavell7r@bandcamp.com,Male,Electronics,12/6/2023 281,Delmore,Bootell,dbootell7s@t.co,Male,Health,11/8/2023 282,Giorgi,Roubay,groubay7t@phoca.cz,Male,Outdoors, 283,Kevan,Benbough,kbenbough7u@chronoengine.com,Male,Home,11/4/2023 284,Raimundo,Duigenan,rduigenan7v@mapquest.com,Male,Clothing,5/10/2024 285,Audrie,Mavin,amavin7w@vimeo.com,Genderfluid,Books,12/19/2023 286,Arnaldo,Meldrum,ameldrum7x@xinhuanet.com,Genderqueer,Electronics,3/4/2024 287,Julian,Svanetti,jsvanetti7y@about.me,Male,Beauty,2/13/2024 288,Barnett,Swanne,bswanne7z@pagesperso-orange.fr,Male,Books,7/9/2024 289,Donella,Forlong,dforlong80@google.nl,Female,Automotive,11/11/2023 290,Tuck,Ickovitz,tickovitz81@kickstarter.com,Male,Industrial,7/29/2024 291,Brook,Otteridge,botteridge82@nih.gov,Male,Toys,8/19/2024 292,Patricia,Cowden,pcowden83@dagondesign.com,Female,Computers,12/28/2023 293,Edouard,Ordemann,eordemann84@dailymotion.com,Male,Games,5/18/2024 294,Lanni,Barkas,lbarkas85@webeden.co.uk,Female,Tools,1/27/2024 295,Oralee,Deverille,odeverille86@nbcnews.com,Female,Garden,7/24/2024 296,Pietro,Coutthart,pcoutthart87@springer.com,Male,Grocery,3/27/2024 297,Erhart,Musson,emusson88@bing.com,Male,Jewelry, 298,Jedidiah,Emmison,jemmison89@dmoz.org,Male,Movies,9/6/2024 299,Shalna,Burge,sburge8a@nbcnews.com,Female,Books,8/19/2024 300,Hunfredo,Wylie,hwylie8b@prnewswire.com,Male,Beauty,6/6/2024 301,Madeleine,Geertsen,mgeertsen8c@bing.com,Female,Industrial,8/7/2024 302,Cal,Vasey,cvasey8d@vkontakte.ru,Female,Sports,3/23/2024 303,Nicol,Sutherel,nsutherel8e@list-manage.com,Genderfluid,Baby,3/9/2024 304,Dahlia,Gulvin,dgulvin8f@illinois.edu,Female,Books, 305,Kacie,Archer,karcher8g@printfriendly.com,Female,Grocery,2/9/2024 306,Nert,Morrott,nmorrott8h@cdbaby.com,Female,Books,9/2/2024 307,Mahmoud,Franklyn,mfranklyn8i@deviantart.com,Male,Beauty,12/16/2023 308,Marv,Ephson,mephson8j@bluehost.com,Male,Music,10/20/2023 309,Leena,Boyles,lboyles8k@hibu.com,Female,Electronics, 310,Clifford,Brayford,cbrayford8l@multiply.com,Male,Industrial,8/17/2024 311,Samson,Hynde,shynde8m@vkontakte.ru,Male,Kids,12/9/2023 312,Garrard,Sellers,gsellers8n@reverbnation.com,Male,Health,12/7/2023 313,Cati,Ivamy,civamy8o@edublogs.org,Genderqueer,Computers,9/29/2024 314,Durant,Fitchet,dfitchet8p@redcross.org,Male,Outdoors,1/1/2024 315,Nola,Thumim,nthumim8q@ibm.com,Female,Industrial,7/15/2024 316,Dalis,Giblin,dgiblin8r@yahoo.co.jp,Male,Electronics,7/29/2024 317,Hally,Anglim,hanglim8s@nhs.uk,Genderfluid,Jewelry,2/10/2024 318,Shem,Painswick,spainswick8t@ucla.edu,Male,Sports, 319,Linnell,Trevains,ltrevains8u@admin.ch,Female,Books,10/26/2023 320,Bayard,Scarsbrick,bscarsbrick8v@google.ca,Male,Toys,2/23/2024 321,Anne,Pullan,apullan8w@bluehost.com,Female,Electronics,4/26/2024 322,Ula,Duetsche,uduetsche8x@npr.org,Female,Tools,3/19/2024 323,Rad,Langrick,rlangrick8y@google.nl,Male,Outdoors,11/16/2023 324,Cindy,Ropars,cropars8z@friendfeed.com,Female,Clothing,3/18/2024 325,Giulietta,Giscken,ggiscken90@goo.ne.jp,Female,Music,1/14/2024 326,Bevon,Marriage,bmarriage91@intel.com,Male,Industrial,11/21/2023 327,Maure,Du Barry,mdubarry92@mashable.com,Agender,Games,4/18/2024 328,Whitney,Punshon,wpunshon93@mtv.com,Male,Kids,1/12/2024 329,Perri,Dawidsohn,pdawidsohn94@mapquest.com,Female,Home,9/29/2024 330,Aurelia,Bithell,abithell95@odnoklassniki.ru,Female,Shoes,6/5/2024 331,Yasmeen,Millican,ymillican96@sciencedaily.com,Female,Baby,1/10/2024 332,Clayton,Costock,ccostock97@sogou.com,Male,Outdoors,1/8/2024 333,Gilligan,Edgeson,gedgeson98@liveinternet.ru,Female,Outdoors,11/3/2023 334,Ned,Banstead,nbanstead99@gnu.org,Agender,Toys,2/2/2024 335,Fairfax,Hazley,fhazley9a@joomla.org,Male,Clothing,3/23/2024 336,Clementius,Saberton,csaberton9b@ucla.edu,Male,Tools,12/28/2023 337,Raoul,Carlet,rcarlet9c@artisteer.com,Male,Health,9/21/2024 338,Corbet,Oxlade,coxlade9d@hud.gov,Male,Books,12/6/2023 339,Franchot,Borsay,fborsay9e@marriott.com,Male,Books,12/16/2023 340,Bernelle,Radborne,bradborne9f@paginegialle.it,Female,Kids,3/4/2024 341,Willdon,Whittier,wwhittier9g@ocn.ne.jp,Male,Books,1/5/2024 342,Vania,Curedale,vcuredale9h@mac.com,Female,Clothing,3/22/2024 343,Misha,Baglan,mbaglan9i@liveinternet.ru,Female,Toys,1/4/2024 344,Seline,Zincke,szincke9j@google.nl,Female,Tools, 345,Thomasin,Casseldine,tcasseldine9k@typepad.com,Female,Toys,12/5/2023 346,Heywood,Cotterrill,hcotterrill9l@harvard.edu,Male,Automotive,5/1/2024 347,Goldarina,Waterson,gwaterson9m@tinypic.com,Genderqueer,Books,9/9/2024 348,Lazare,Orrice,lorrice9n@booking.com,Male,Industrial,7/22/2024 349,Tudor,Frizell,tfrizell9o@netvibes.com,Male,Health,8/2/2024 350,Tanny,Moorcraft,tmoorcraft9p@wordpress.com,Male,Computers, 351,Julissa,Camerello,jcamerello9q@surveymonkey.com,Genderqueer,Garden,7/25/2024 352,Esma,Wloch,ewloch9r@umn.edu,Female,Movies,7/31/2024 353,Merrick,Lennon,mlennon9s@nationalgeographic.com,Male,Games,7/26/2024 354,Nariko,Piercey,npiercey9t@geocities.jp,Female,Movies,10/24/2023 355,Keane,Minchella,kminchella9u@shinystat.com,Male,Computers,12/15/2023 356,Kyrstin,Ciciura,kciciura9v@sbwire.com,Female,Shoes,7/4/2024 357,Ricardo,McGinty,rmcginty9w@japanpost.jp,Male,Clothing,4/5/2024 358,Marrilee,Pfeffle,mpfeffle9x@bravesites.com,Female,Sports,1/5/2024 359,Adel,Partlett,apartlett9y@dagondesign.com,Agender,Beauty,4/16/2024 360,Eleni,Petyanin,epetyanin9z@samsung.com,Female,Garden,7/12/2024 361,Luelle,Sommerland,lsommerlanda0@washington.edu,Female,Jewelry,12/5/2023 362,Diana,Lavery,dlaverya1@youku.com,Female,Computers,11/19/2023 363,Athene,Kettleson,akettlesona2@freewebs.com,Female,Home,9/22/2024 364,Annabela,Valentin,avalentina3@webnode.com,Female,Books,7/3/2024 365,Elnore,Kuhnert,ekuhnerta4@census.gov,Female,Shoes,9/8/2024 366,Kristopher,Matiashvili,kmatiashvilia5@acquirethisname.com,Male,Health,9/5/2024 367,Verina,Silk,vsilka6@tumblr.com,Female,Kids,9/23/2024 368,Paule,Lea,pleaa7@prlog.org,Female,Games, 369,Kariotta,Camier,kcamiera8@nytimes.com,Female,Automotive,1/20/2024 370,Alfreda,Ratnege,aratnegea9@state.tx.us,Female,Grocery,10/11/2024 371,Raymund,Goncaves,rgoncavesaa@scientificamerican.com,Male,Beauty, 372,Nicolina,Summerlie,nsummerlieab@flickr.com,Female,Beauty,4/18/2024 373,Rouvin,Fairtlough,rfairtloughac@wikimedia.org,Male,Industrial,10/19/2024 374,Pauline,Dust,pdustad@nih.gov,Female,Tools,9/11/2024 375,Derwin,Kirwood,dkirwoodae@tinyurl.com,Male,Books,12/13/2023 376,Catlaina,Molian,cmolianaf@istockphoto.com,Female,Music,6/20/2024 377,Pammi,Eat,peatag@sphinn.com,Female,Tools,3/25/2024 378,Rosanna,Clayhill,rclayhillah@scribd.com,Female,Industrial,10/9/2024 379,Padget,Padilla,ppadillaai@delicious.com,Polygender,Outdoors,12/3/2023 380,Carny,Crocroft,ccrocroftaj@bloglovin.com,Male,Home,9/15/2024 381,Sherwynd,Yewdale,syewdaleak@fda.gov,Male,Music,8/27/2024 382,Leese,Ryan,lryanal@posterous.com,Female,Tools,12/31/2023 383,Johnathan,Westgarth,jwestgartham@oaic.gov.au,Agender,Music,8/22/2024 384,Darla,Packwood,dpackwoodan@blogspot.com,Female,Shoes,7/19/2024 385,Kristan,Elphey,kelpheyao@mysql.com,Female,Kids,9/15/2024 386,Flint,MacGinley,fmacginleyap@macromedia.com,Male,Movies,11/23/2023 387,Liz,Surfleet,lsurfleetaq@pen.io,Female,Jewelry,3/3/2024 388,Hannah,Hendrich,hhendrichar@issuu.com,Female,Jewelry,8/23/2024 389,Hartwell,Sexcey,hsexceyas@addthis.com,Male,Shoes,7/27/2024 390,Lulita,Tregent,ltregentat@scribd.com,Female,Baby,4/24/2024 391,Osbourne,Gelsthorpe,ogelsthorpeau@lulu.com,Male,Games,2/13/2024 392,Filippa,Davidoff,fdavidoffav@ox.ac.uk,Female,Jewelry,5/21/2024 393,Aylmar,Labdon,alabdonaw@businessweek.com,Genderqueer,Outdoors,5/21/2024 394,Gwyn,Schofield,gschofieldax@flickr.com,Female,Baby,4/11/2024 395,Lenora,Whittles,lwhittlesay@tripod.com,Female,Books,9/26/2024 396,Kile,Leathe,kleatheaz@si.edu,Male,Baby,10/17/2024 397,Giulietta,Fitzpayn,gfitzpaynb0@utexas.edu,Genderqueer,Electronics,7/26/2024 398,Glenine,Cardwell,gcardwellb1@nyu.edu,Female,Shoes,10/25/2023 399,Catrina,Eastam,ceastamb2@parallels.com,Female,Industrial,3/21/2024 400,Adore,D'Orsay,adorsayb3@latimes.com,Female,Music,2/13/2024 401,Dela,Stivey,dstiveyb4@zdnet.com,Female,Garden,11/13/2023 402,Abba,Lewington,alewingtonb5@seattletimes.com,Male,Health,10/7/2024 403,Niel,Wild,nwildb6@columbia.edu,Male,Toys,1/21/2024 404,Dannel,Gasken,dgaskenb7@123-reg.co.uk,Male,Home,1/27/2024 405,Rozalie,Schwander,rschwanderb8@unesco.org,Female,Beauty,3/25/2024 406,Lucio,Whitlock,lwhitlockb9@networkadvertising.org,Male,Tools,11/2/2023 407,Emerson,Franceschelli,efranceschelliba@china.com.cn,Male,Clothing,10/8/2024 408,Anatola,Minchin,aminchinbb@1und1.de,Female,Outdoors,2/22/2024 409,Iago,Oaker,ioakerbc@wordpress.org,Male,Computers,9/14/2024 410,Shelia,Quinney,squinneybd@ft.com,Genderfluid,Electronics,5/17/2024 411,Dot,Robker,drobkerbe@wunderground.com,Female,Toys,6/23/2024 412,Gwenneth,Agglio,gaggliobf@prlog.org,Female,Music,10/25/2023 413,Dominga,Amoss,damossbg@mysql.com,Female,Music,2/1/2024 414,Gilberte,Edmans,gedmansbh@mozilla.org,Female,Automotive,11/6/2023 415,Stepha,Esparza,sesparzabi@joomla.org,Female,Home,4/19/2024 416,Jolie,Lovett,jlovettbj@meetup.com,Female,Electronics,12/28/2023 417,Harriot,Ricket,hricketbk@webnode.com,Female,Tools,4/10/2024 418,Clayton,Peal,cpealbl@mozilla.com,Male,Clothing,2/9/2024 419,Jermayne,Eudall,jeudallbm@wordpress.org,Male,Movies,1/28/2024 420,Connor,Donnellan,cdonnellanbn@webmd.com,Bigender,Jewelry,2/29/2024 421,Sasha,Greenroa,sgreenroabo@home.pl,Agender,Kids,4/10/2024 422,Rob,Bogges,rboggesbp@spiegel.de,Male,Industrial,3/25/2024 423,Dominik,Palethorpe,dpalethorpebq@dmoz.org,Bigender,Industrial,10/20/2023 424,Maybelle,Ellar,mellarbr@reuters.com,Female,Garden,8/13/2024 425,Rosy,MacCallum,rmaccallumbs@china.com.cn,Female,Toys,3/25/2024 426,Kathy,Tolworth,ktolworthbt@wisc.edu,Female,Sports,1/15/2024 427,Emilee,Longridge,elongridgebu@i2i.jp,Female,Beauty,6/6/2024 428,Lars,Meardon,lmeardonbv@google.co.uk,Male,Kids,11/27/2023 429,Electra,Sprull,esprullbw@xing.com,Female,Electronics,8/6/2024 430,Benji,Lloyd,blloydbx@devhub.com,Male,Home,5/27/2024 431,Kacey,Markie,kmarkieby@domainmarket.com,Female,Beauty,3/18/2024 432,Fayette,Aleevy,faleevybz@istockphoto.com,Female,Shoes,10/31/2023 433,Laurens,Valenta,lvalentac0@house.gov,Male,Garden, 434,Marlo,Strelitzki,mstrelitzkic1@uol.com.br,Female,Grocery,8/22/2024 435,Elicia,Mees,emeesc2@wp.com,Genderfluid,Home,8/20/2024 436,Sharai,Mosedill,smosedillc3@nationalgeographic.com,Polygender,Kids, 437,Mitchael,Lantiff,mlantiffc4@nature.com,Male,Home,9/16/2024 438,Elvina,Gaffney,egaffneyc5@ifeng.com,Female,Baby,5/1/2024 439,Babb,Blythin,bblythinc6@intel.com,Female,Shoes,4/17/2024 440,Sandie,Pettiward,spettiwardc7@slashdot.org,Female,Jewelry,12/8/2023 441,Karilynn,Trighton,ktrightonc8@dagondesign.com,Female,Books, 442,Hannie,Free,hfreec9@i2i.jp,Female,Games,2/26/2024 443,Raimundo,Simoneton,rsimonetonca@fc2.com,Male,Outdoors,3/29/2024 444,Del,Chmarny,dchmarnycb@ycombinator.com,Male,Toys,3/14/2024 445,Pammie,Wressell,pwressellcc@wired.com,Bigender,Home,6/2/2024 446,Garreth,Wollen,gwollencd@msu.edu,Male,Electronics,1/15/2024 447,Jen,Semerad,jsemeradce@icq.com,Bigender,Games,3/22/2024 448,Torrin,Badger,tbadgercf@surveymonkey.com,Male,Movies,1/23/2024 449,Vladimir,Olifard,volifardcg@tmall.com,Male,Shoes,2/23/2024 450,Mirella,Grassi,mgrassich@xrea.com,Female,Beauty,8/7/2024 451,Frederick,Kopf,fkopfci@deviantart.com,Male,Automotive,3/21/2024 452,Tanner,Igounet,tigounetcj@naver.com,Male,Electronics,8/29/2024 453,Alano,Tremberth,atremberthck@aboutads.info,Male,Baby,6/3/2024 454,Tyler,Boate,tboatecl@shareasale.com,Male,Games,10/29/2023 455,Gardiner,Enrique,genriquecm@pbs.org,Male,Outdoors,1/20/2024 456,Bowie,Auld,bauldcn@smh.com.au,Male,Garden,10/8/2024 457,Nealson,Selley,nselleyco@state.tx.us,Male,Clothing,8/26/2024 458,Salvatore,Dyott,sdyottcp@about.com,Male,Baby,1/29/2024 459,Aretha,Okell,aokellcq@twitpic.com,Female,Games,8/25/2024 460,Craig,Cosgrive,ccosgrivecr@springer.com,Male,Baby,5/2/2024 461,Thomasa,Beeching,tbeechingcs@ehow.com,Female,Home,12/6/2023 462,Page,Mewburn,pmewburnct@latimes.com,Male,Automotive,2/27/2024 463,Grantham,Cundey,gcundeycu@uol.com.br,Male,Grocery,1/27/2024 464,Wenona,Crosher,wcroshercv@storify.com,Female,Movies,11/18/2023 465,Kalindi,Cousin,kcousincw@edublogs.org,Female,Electronics, 466,Laird,Reavey,lreaveycx@angelfire.com,Male,Games,1/2/2024 467,Uriah,Ramsdell,uramsdellcy@jiathis.com,Male,Health, 468,Fin,Finlay,ffinlaycz@chron.com,Male,Computers,4/13/2024 469,Emlynn,Eakin,eeakind0@mayoclinic.com,Female,Tools,4/14/2024 470,Peter,Aldersley,paldersleyd1@reddit.com,Male,Sports,8/7/2024 471,Niko,Deam,ndeamd2@blogspot.com,Male,Toys, 472,Leia,Moreland,lmorelandd3@java.com,Female,Beauty,12/18/2023 473,Fidole,Harryman,fharrymand4@geocities.com,Agender,Grocery,9/22/2024 474,Vittoria,Bernardot,vbernardotd5@comcast.net,Female,Kids,9/2/2024 475,Gisela,Fordham,gfordhamd6@fema.gov,Female,Books,6/1/2024 476,Zorah,Balaizot,zbalaizotd7@google.ca,Female,Toys,5/19/2024 477,Kimmi,Chalfont,kchalfontd8@senate.gov,Female,Electronics,6/17/2024 478,Dyna,Scothorn,dscothornd9@apple.com,Female,Electronics,4/14/2024 479,Christophorus,Inns,cinnsda@goo.gl,Male,Jewelry,10/9/2024 480,Juline,Prujean,jprujeandb@theguardian.com,Female,Tools,11/27/2023 481,Brig,Fransoni,bfransonidc@tamu.edu,Male,Automotive,7/19/2024 482,Gillie,Iacomo,giacomodd@go.com,Female,Movies,12/30/2023 483,Nell,Oakwood,noakwoodde@ameblo.jp,Female,Movies,5/23/2024 484,Kerrill,Clyne,kclynedf@google.nl,Female,Books, 485,Braden,Camings,bcamingsdg@berkeley.edu,Male,Home,6/9/2024 486,Paige,Lewson,plewsondh@marketwatch.com,Non-binary,Computers,8/6/2024 487,Branden,Breinlein,bbreinleindi@artisteer.com,Male,Jewelry, 488,Star,Rollin,srollindj@ask.com,Female,Garden,5/27/2024 489,Vevay,Farra,vfarradk@behance.net,Female,Garden,10/24/2023 490,Leese,Laterza,llaterzadl@reverbnation.com,Female,Tools,2/18/2024 491,Jesse,Buckley,jbuckleydm@cnet.com,Female,Music,6/2/2024 492,Jenny,Korn,jkorndn@naver.com,Female,Music,9/29/2024 493,Carmen,Beattie,cbeattiedo@linkedin.com,Female,Outdoors,9/25/2024 494,Roddie,Kolis,rkolisdp@usatoday.com,Genderqueer,Garden,10/9/2024 495,Pete,Coomber,pcoomberdq@washingtonpost.com,Male,Books,10/3/2024 496,Leonerd,Cromer,lcromerdr@walmart.com,Male,Industrial,9/24/2024 497,Aubert,Gavagan,agavagands@google.com.br,Male,Grocery,11/27/2023 498,Zachery,Berkowitz,zberkowitzdt@hibu.com,Male,Clothing,3/4/2024 499,Wilbur,Ollerenshaw,wollerenshawdu@unesco.org,Male,Grocery,8/17/2024 500,Lorie,Gori,lgoridv@auda.org.au,Female,Jewelry,2/21/2024 501,Davide,Antognazzi,dantognazzidw@google.ca,Male,Garden,12/26/2023 502,Fredric,Leckey,fleckeydx@123-reg.co.uk,Male,Clothing,4/14/2024 503,Loralee,Entwistle,lentwistledy@oracle.com,Female,Books,5/31/2024 504,Ellery,Manlow,emanlowdz@lycos.com,Male,Electronics,7/26/2024 505,Yolane,Reuble,yreublee0@vinaora.com,Female,Toys,9/20/2024 506,Briney,Dilland,bdillande1@blogspot.com,Female,Electronics,1/3/2024 507,Elora,Crowcroft,ecrowcrofte2@sciencedirect.com,Female,Books,12/4/2023 508,Gayle,Grenville,ggrenvillee3@tinyurl.com,Genderfluid,Music,1/3/2024 509,Leopold,Quickfall,lquickfalle4@globo.com,Male,Books,5/18/2024 510,Sisile,Beevor,sbeevore5@sphinn.com,Female,Industrial,6/20/2024 511,Reginauld,Snazle,rsnazlee6@i2i.jp,Male,Books,11/4/2023 512,Latrena,Szanto,lszantoe7@yellowbook.com,Female,Home,11/10/2023 513,Innis,Gourlay,igourlaye8@seattletimes.com,Male,Home,7/23/2024 514,Felic,Jecks,fjeckse9@noaa.gov,Genderfluid,Baby,4/8/2024 515,Mortimer,Ollerton,mollertonea@google.de,Male,Industrial,12/4/2023 516,Abey,Butrimovich,abutrimovicheb@ovh.net,Male,Computers,5/1/2024 517,Blithe,Leblanc,bleblancec@hubpages.com,Female,Baby,10/28/2023 518,Brew,Nightingale,bnightingaleed@hp.com,Male,Outdoors,3/1/2024 519,Zebadiah,Osichev,zosichevee@arizona.edu,Male,Sports,4/25/2024 520,Kipp,Narducci,knarduccief@hud.gov,Male,Home,2/2/2024 521,Any,Lindberg,alindbergeg@globo.com,Male,Jewelry,7/25/2024 522,Daloris,Burkett,dburketteh@cloudflare.com,Female,Beauty,10/26/2023 523,Gaspard,Pollett,gpollettei@toplist.cz,Male,Baby,8/22/2024 524,Frederico,Aupol,faupolej@wisc.edu,Male,Baby,12/6/2023 525,Netti,Janousek,njanousekek@chicagotribune.com,Female,Garden,7/23/2024 526,Robinette,Bantham,rbanthamel@reference.com,Female,Electronics,12/12/2023 527,Fraze,Ondrusek,fondrusekem@friendfeed.com,Male,Music,8/13/2024 528,Denny,Moret,dmoreten@ftc.gov,Female,Clothing,7/6/2024 529,April,Pottery,apotteryeo@webnode.com,Female,Grocery,3/1/2024 530,Ros,Oxx,roxxep@ifeng.com,Female,Movies,11/4/2023 531,Alva,Babbe,ababbeeq@comcast.net,Male,Toys,11/8/2023 532,Symon,Winward,swinwarder@github.com,Male,Outdoors, 533,Marlo,Clethro,mclethroes@kickstarter.com,Male,Games,2/14/2024 534,Filbert,Gapp,fgappet@sciencedirect.com,Agender,Toys,8/28/2024 535,Cammi,Aldhouse,caldhouseeu@phoca.cz,Female,Garden,5/17/2024 536,Verina,Morrissey,vmorrisseyev@wiley.com,Female,Grocery,5/30/2024 537,Ardene,Ludwell,aludwellew@twitpic.com,Female,Clothing,2/14/2024 538,Jard,Cloke,jclokeex@drupal.org,Male,Kids,8/30/2024 539,Salmon,Sandle,ssandleey@wikipedia.org,Male,Automotive,9/13/2024 540,Phip,Francillo,pfrancilloez@accuweather.com,Male,Movies,11/9/2023 541,Haleigh,Ryves,hryvesf0@istockphoto.com,Female,Clothing,8/9/2024 542,Loutitia,Collman,lcollmanf1@howstuffworks.com,Female,Computers,5/31/2024 543,Minny,Zucker,mzuckerf2@nature.com,Genderqueer,Home,6/9/2024 544,Locke,Eldred,leldredf3@mozilla.org,Male,Outdoors,2/6/2024 545,Bobby,Kibbel,bkibbelf4@plala.or.jp,Male,Toys,7/4/2024 546,Pasquale,Mattielli,pmattiellif5@ucsd.edu,Male,Jewelry,10/5/2024 547,Jolee,Fulleylove,jfulleylovef6@globo.com,Female,Baby,9/18/2024 548,Sissie,Meltetal,smeltetalf7@etsy.com,Female,Books,7/23/2024 549,Nessi,Mattheissen,nmattheissenf8@livejournal.com,Genderfluid,Grocery,9/3/2024 550,Cesare,Botton,cbottonf9@wiley.com,Male,Beauty,10/28/2023 551,Maridel,Walrond,mwalrondfa@reddit.com,Female,Automotive,8/15/2024 552,Hillier,Alleyn,halleynfb@hugedomains.com,Male,Tools,4/28/2024 553,Tessie,Warriner,twarrinerfc@huffingtonpost.com,Female,Games,3/30/2024 554,Che,Jaffrey,cjaffreyfd@redcross.org,Male,Tools,11/10/2023 555,Pierson,Cottie,pcottiefe@barnesandnoble.com,Male,Electronics,7/27/2024 556,Alfonso,Boddam,aboddamff@ucoz.ru,Male,Music,2/6/2024 557,Lenna,Honnicott,lhonnicottfg@shutterfly.com,Female,Computers,5/3/2024 558,Nichole,Butt,nbuttfh@360.cn,Female,Sports,11/6/2023 559,Sumner,Hellmer,shellmerfi@howstuffworks.com,Male,Health,9/9/2024 560,Silvie,Beranek,sberanekfj@yelp.com,Female,Outdoors,2/16/2024 561,Bruis,Siggens,bsiggensfk@hexun.com,Genderfluid,Clothing,2/16/2024 562,Norry,Ullrich,nullrichfl@cnn.com,Male,Sports,12/21/2023 563,Silvester,Yelden,syeldenfm@weibo.com,Male,Jewelry,5/25/2024 564,Austin,Willcox,awillcoxfn@dion.ne.jp,Female,Games,1/4/2024 565,Annemarie,Barde,abardefo@live.com,Female,Garden,3/14/2024 566,Prentice,Tookey,ptookeyfp@dell.com,Male,Electronics,11/10/2023 567,Ettore,Beacham,ebeachamfq@unesco.org,Male,Industrial,7/4/2024 568,Ned,Weddeburn,nweddeburnfr@goo.ne.jp,Male,Computers,8/28/2024 569,Kinsley,Ambrose,kambrosefs@usnews.com,Male,Jewelry,6/24/2024 570,Hesther,Chandler,hchandlerft@blogtalkradio.com,Female,Sports,4/6/2024 571,Tova,Tressler,ttresslerfu@umn.edu,Female,Industrial,10/5/2024 572,Virgina,Confait,vconfaitfv@hostgator.com,Female,Garden, 573,Manya,Suermeiers,msuermeiersfw@accuweather.com,Polygender,Computers,9/6/2024 574,Katerine,Trattles,ktrattlesfx@who.int,Female,Garden,11/27/2023 575,Trixi,Mowbury,tmowburyfy@w3.org,Female,Books,8/8/2024 576,Candida,Ixor,cixorfz@pagesperso-orange.fr,Female,Automotive,9/28/2024 577,Cody,Hawthorn,chawthorng0@google.de,Female,Baby,1/15/2024 578,Kellie,Casotti,kcasottig1@amazon.de,Bigender,Toys,4/21/2024 579,Weston,Froud,wfroudg2@webmd.com,Male,Health,10/2/2024 580,Mordecai,Songust,msongustg3@army.mil,Male,Sports,9/4/2024 581,Madalyn,Eads,meadsg4@cafepress.com,Female,Movies,6/19/2024 582,Torre,Vanyukov,tvanyukovg5@un.org,Male,Outdoors,6/12/2024 583,Nye,Sumshon,nsumshong6@t.co,Male,Health,12/26/2023 584,Agnola,Locks,alocksg7@mac.com,Female,Movies,12/10/2023 585,Wendel,Mosedale,wmosedaleg8@salon.com,Male,Health,6/4/2024 586,Ertha,Rozzell,erozzellg9@yandex.ru,Female,Movies,1/2/2024 587,Concettina,Beuscher,cbeuscherga@harvard.edu,Female,Health,2/24/2024 588,Betteann,Wigsell,bwigsellgb@squidoo.com,Female,Kids,8/9/2024 589,Freeland,Cardon,fcardongc@cpanel.net,Male,Tools,9/28/2024 590,Annalise,Capeloff,acapeloffgd@delicious.com,Female,Outdoors,1/27/2024 591,Lemmie,Smout,lsmoutge@tumblr.com,Male,Industrial,1/26/2024 592,Zora,Aitkenhead,zaitkenheadgf@4shared.com,Female,Electronics,1/30/2024 593,Hildagarde,Hixley,hhixleygg@skyrock.com,Female,Tools,7/21/2024 594,Elita,Kingsworth,ekingsworthgh@123-reg.co.uk,Genderfluid,Music,4/8/2024 595,Mata,Duffell,mduffellgi@google.ru,Male,Outdoors,2/8/2024 596,Erda,Stainburn,estainburngj@last.fm,Female,Kids,4/13/2024 597,Bond,Coyte,bcoytegk@walmart.com,Male,Sports,12/6/2023 598,Weston,Shorbrook,wshorbrookgl@umich.edu,Male,Electronics,12/16/2023 599,Hanna,Ferreira,hferreiragm@admin.ch,Female,Grocery,1/4/2024 600,Keane,Kaye,kkayegn@gmpg.org,Male,Games,4/3/2024 601,Karmen,Hardes,khardesgo@shop-pro.jp,Female,Music,1/19/2024 602,Jakob,Wellman,jwellmangp@spiegel.de,Male,Shoes,10/4/2024 603,Edouard,Wolfart,ewolfartgq@feedburner.com,Male,Grocery,8/1/2024 604,Dallis,Bobasch,dbobaschgr@wisc.edu,Male,Music,9/10/2024 605,Guillemette,Swash,gswashgs@sogou.com,Female,Music,5/9/2024 606,Persis,Dallender,pdallendergt@163.com,Female,Computers,8/6/2024 607,Helen,Fri,hfrigu@nifty.com,Female,Jewelry,12/18/2023 608,Grissel,Bacop,gbacopgv@businessinsider.com,Female,Home,9/16/2024 609,Randolf,Cannaway,rcannawaygw@typepad.com,Male,Kids,8/28/2024 610,Bartolemo,Rizzotto,brizzottogx@comsenz.com,Male,Movies,7/27/2024 611,Rowe,Mollindinia,rmollindiniagy@ow.ly,Female,Industrial,12/15/2023 612,Padget,Rastrick,prastrickgz@scientificamerican.com,Male,Music,7/17/2024 613,Alanson,Shegog,ashegogh0@ning.com,Male,Books,7/27/2024 614,Zilvia,Grinyakin,zgrinyakinh1@freewebs.com,Female,Automotive,12/9/2023 615,Ursa,Keeney,ukeeneyh2@themeforest.net,Female,Electronics,9/16/2024 616,Silva,Klainer,sklainerh3@cam.ac.uk,Female,Movies,5/22/2024 617,Niccolo,Eiler,neilerh4@pbs.org,Male,Industrial,9/6/2024 618,Brocky,Gidley,bgidleyh5@gravatar.com,Non-binary,Electronics,7/31/2024 619,Dayle,Cranshaw,dcranshawh6@cpanel.net,Genderfluid,Shoes, 620,Halley,Limpkin,hlimpkinh7@salon.com,Female,Clothing,1/30/2024 621,Lenette,Kordas,lkordash8@xinhuanet.com,Female,Music,10/12/2024 622,Birk,Beurich,bbeurichh9@chicagotribune.com,Male,Electronics,6/6/2024 623,Junie,Giacomazzo,jgiacomazzoha@illinois.edu,Genderqueer,Movies,6/26/2024 624,Sanson,Bailes,sbaileshb@ox.ac.uk,Polygender,Music,11/1/2023 625,Lucian,Brimmell,lbrimmellhc@cornell.edu,Male,Industrial,9/30/2024 626,Stanwood,Ambrose,sambrosehd@irs.gov,Bigender,Toys,8/11/2024 627,Hailee,Bissiker,hbissikerhe@answers.com,Female,Shoes,2/28/2024 628,Cherie,Strelitzki,cstrelitzkihf@nps.gov,Female,Books,5/14/2024 629,Tirrell,Benneyworth,tbenneyworthhg@vinaora.com,Male,Shoes,4/6/2024 630,Legra,Shearstone,lshearstonehh@spotify.com,Bigender,Automotive,4/15/2024 631,Boote,Seally,bseallyhi@microsoft.com,Male,Industrial,6/25/2024 632,Berton,Finders,bfindershj@about.com,Male,Computers,5/16/2024 633,Stanton,Bremond,sbremondhk@tinypic.com,Male,Tools,4/14/2024 634,Harrison,Batterham,hbatterhamhl@independent.co.uk,Male,Kids,10/23/2023 635,Marven,Jose,mjosehm@japanpost.jp,Male,Automotive,12/7/2023 636,Sanderson,Cowx,scowxhn@twitpic.com,Male,Shoes,5/10/2024 637,Loutitia,Musgrave,lmusgraveho@instagram.com,Female,Health,8/3/2024 638,Delano,Bleackley,dbleackleyhp@ucoz.ru,Male,Jewelry,4/30/2024 639,Mari,Standbridge,mstandbridgehq@japanpost.jp,Female,Sports,11/3/2023 640,Armstrong,Larmett,alarmetthr@seesaa.net,Male,Movies,3/1/2024 641,Gery,Hallstone,ghallstonehs@ted.com,Male,Sports,8/20/2024 642,Ferris,Vondrak,fvondrakht@un.org,Male,Kids,1/8/2024 643,Cicily,De la Zenne,cdelazennehu@mozilla.org,Female,Books,9/26/2024 644,Ignazio,Dykins,idykinshv@google.nl,Male,Books,9/8/2024 645,Hesther,Kunzel,hkunzelhw@zdnet.com,Female,Grocery, 646,Travus,Brightwell,tbrightwellhx@princeton.edu,Male,Movies,11/21/2023 647,Griffith,Bernhardsson,gbernhardssonhy@de.vu,Male,Home,12/6/2023 648,Cayla,Alldritt,calldritthz@mashable.com,Female,Shoes,10/5/2024 649,Jerrie,Leare,jlearei0@ocn.ne.jp,Female,Health,7/30/2024 650,Carroll,Mawd,cmawdi1@noaa.gov,Male,Outdoors,3/24/2024 651,Meriel,Sabattier,msabattieri2@unc.edu,Female,Health,2/16/2024 652,Celle,Pattie,cpattiei3@so-net.ne.jp,Female,Sports,5/29/2024 653,Letizia,McAloren,lmcaloreni4@princeton.edu,Non-binary,Sports,1/22/2024 654,Noble,Andrivel,nandriveli5@privacy.gov.au,Male,Baby,11/12/2023 655,Salomi,Normanvill,snormanvilli6@imdb.com,Female,Computers,8/11/2024 656,Cecile,MacCoveney,cmaccoveneyi7@stanford.edu,Female,Jewelry,9/24/2024 657,Orland,Goburn,ogoburni8@yandex.ru,Male,Beauty,5/4/2024 658,Heall,Peirson,hpeirsoni9@geocities.jp,Genderfluid,Baby,4/5/2024 659,Gilbert,Vernall,gvernallia@go.com,Male,Games,8/14/2024 660,Fayette,McGonigle,fmcgonigleib@wired.com,Female,Tools,11/14/2023 661,Idette,Titchener,ititcheneric@google.com.br,Female,Kids,5/31/2024 662,Edna,Danjoie,edanjoieid@goo.ne.jp,Female,Shoes,4/14/2024 663,Carie,Vinck,cvinckie@shutterfly.com,Female,Clothing,4/30/2024 664,Wallie,Ruppert,wruppertif@toplist.cz,Polygender,Garden,6/8/2024 665,Lucienne,Dillon,ldillonig@thetimes.co.uk,Female,Tools,11/15/2023 666,Barry,Cristofol,bcristofolih@reddit.com,Male,Grocery,11/29/2023 667,Odie,Peron,operonii@issuu.com,Male,Beauty,11/15/2023 668,Lilian,Senogles,lsenoglesij@altervista.org,Female,Jewelry,11/21/2023 669,Ezequiel,Pickthorn,epickthornik@nih.gov,Male,Automotive,3/17/2024 670,Cairistiona,Reid,creidil@com.com,Agender,Grocery,4/26/2024 671,Sanson,Longstaff,slongstaffim@usgs.gov,Male,Garden,7/30/2024 672,Chaunce,Torri,ctorriin@zimbio.com,Male,Games, 673,Tynan,Hartburn,thartburnio@mlb.com,Male,Baby,12/21/2023 674,Griselda,Crum,gcrumip@sphinn.com,Female,Home,1/10/2024 675,Weylin,Woodroofe,wwoodroofeiq@sfgate.com,Male,Garden,8/23/2024 676,Amalee,Eilert,aeilertir@facebook.com,Female,Outdoors,8/10/2024 677,Ondrea,Kaubisch,okaubischis@cloudflare.com,Female,Sports,8/1/2024 678,Ellery,Linforth,elinforthit@bloglines.com,Male,Electronics,7/15/2024 679,Sioux,Maudett,smaudettiu@github.com,Non-binary,Outdoors,8/19/2024 680,Suzie,Juleff,sjuleffiv@ibm.com,Female,Health,9/27/2024 681,Antonia,Warbeys,awarbeysiw@usatoday.com,Female,Home, 682,Addy,Sherwen,asherwenix@irs.gov,Male,Music,2/11/2024 683,Ingmar,Stares,istaresiy@blogspot.com,Male,Industrial,4/19/2024 684,Clementina,Wanley,cwanleyiz@cbsnews.com,Female,Outdoors,3/28/2024 685,Ilyssa,Pascoe,ipascoej0@tripadvisor.com,Female,Books,6/27/2024 686,Horatio,Griswood,hgriswoodj1@irs.gov,Male,Industrial,3/25/2024 687,Othilia,Blamire,oblamirej2@oaic.gov.au,Female,Movies,2/26/2024 688,Aristotle,Pashba,apashbaj3@wiley.com,Male,Movies,7/29/2024 689,Allyn,Julyan,ajulyanj4@w3.org,Male,Automotive,7/16/2024 690,Virginia,Stanfield,vstanfieldj5@webs.com,Female,Industrial,9/26/2024 691,Cordelie,Hinchshaw,chinchshawj6@unblog.fr,Female,Games,11/10/2023 692,Kurtis,Laphorn,klaphornj7@booking.com,Male,Sports,11/29/2023 693,Ruben,Edwicker,redwickerj8@forbes.com,Male,Tools,3/6/2024 694,Keely,Goodenough,kgoodenoughj9@guardian.co.uk,Female,Books,6/12/2024 695,Nathalie,Colliar,ncolliarja@opensource.org,Female,Music,4/17/2024 696,Reed,Bruyet,rbruyetjb@reuters.com,Male,Games,1/26/2024 697,Lilyan,Accombe,laccombejc@utexas.edu,Female,Garden,2/5/2024 698,Sophronia,Schindler,sschindlerjd@oaic.gov.au,Female,Computers,12/18/2023 699,Edsel,McDonough,emcdonoughje@pen.io,Male,Clothing,7/6/2024 700,Inez,Charlson,icharlsonjf@jalbum.net,Female,Sports,4/21/2024 701,Johanna,Hartfield,jhartfieldjg@disqus.com,Female,Electronics,5/9/2024 702,Rozanna,Maceur,rmaceurjh@slideshare.net,Female,Grocery,5/7/2024 703,Yolande,Francomb,yfrancombji@uiuc.edu,Female,Computers,7/28/2024 704,Nollie,Grunguer,ngrunguerjj@google.co.jp,Male,Automotive,10/16/2024 705,Giacomo,Garbar,ggarbarjk@newsvine.com,Male,Computers,10/28/2023 706,Coleman,Skacel,cskaceljl@drupal.org,Male,Shoes,11/2/2023 707,Heloise,Crewther,hcrewtherjm@google.com.au,Female,Shoes,1/26/2024 708,Lenna,Reach,lreachjn@mozilla.com,Agender,Shoes,7/5/2024 709,Farrel,Passo,fpassojo@economist.com,Male,Electronics,7/20/2024 710,Pieter,Mound,pmoundjp@cafepress.com,Male,Games,1/17/2024 711,Devina,Buglass,dbuglassjq@army.mil,Female,Beauty, 712,Conan,Ollie,colliejr@engadget.com,Male,Sports,6/24/2024 713,Doralynn,Cona,dconajs@example.com,Female,Health,2/12/2024 714,Minor,Krugmann,mkrugmannjt@behance.net,Polygender,Clothing,1/19/2024 715,Birgitta,McUre,bmcureju@amazonaws.com,Female,Books,3/12/2024 716,Guillemette,Sherringham,gsherringhamjv@indiatimes.com,Female,Jewelry,9/9/2024 717,Nicol,Janik,njanikjw@springer.com,Female,Automotive,12/7/2023 718,Consalve,Lowrie,clowriejx@privacy.gov.au,Male,Games,5/2/2024 719,Porter,Queyeiro,pqueyeirojy@edublogs.org,Male,Shoes,11/2/2023 720,Judie,Shortall,jshortalljz@pcworld.com,Female,Kids,8/2/2024 721,Betsy,Ovens,bovensk0@google.co.jp,Genderfluid,Baby,5/9/2024 722,Carl,Phillcock,cphillcockk1@reuters.com,Male,Outdoors,1/20/2024 723,Carling,Emmot,cemmotk2@odnoklassniki.ru,Male,Computers,12/15/2023 724,Abra,Iacavone,aiacavonek3@sakura.ne.jp,Female,Electronics,12/21/2023 725,Brennen,Gallon,bgallonk4@storify.com,Agender,Music,3/21/2024 726,Carolyn,Domingues,cdominguesk5@exblog.jp,Female,Computers,6/14/2024 727,Gaile,Layson,glaysonk6@sina.com.cn,Male,Jewelry,7/23/2024 728,Rozalie,Petre,rpetrek7@google.com.au,Female,Industrial,9/10/2024 729,Jessamine,Oulner,joulnerk8@umich.edu,Female,Computers,6/2/2024 730,Avigdor,Scouller,ascoullerk9@illinois.edu,Male,Garden,2/26/2024 731,Lesya,Oseland,loselandka@japanpost.jp,Female,Baby,8/21/2024 732,Ollie,Robshaw,orobshawkb@hhs.gov,Male,Home,4/5/2024 733,Rolf,Rogerot,rrogerotkc@comcast.net,Male,Health,9/19/2024 734,Hilliard,Besnardeau,hbesnardeaukd@yelp.com,Male,Garden,11/22/2023 735,Susanne,De Filippo,sdefilippoke@godaddy.com,Female,Tools,4/2/2024 736,Dorris,Loddon,dloddonkf@yolasite.com,Female,Beauty,1/30/2024 737,Marrilee,Perham,mperhamkg@themeforest.net,Female,Movies,10/6/2024 738,Sharity,Aguirre,saguirrekh@biblegateway.com,Female,Kids,11/1/2023 739,Gaven,Ciccone,gcicconeki@sogou.com,Polygender,Clothing,9/13/2024 740,Sebastian,Fleeman,sfleemankj@geocities.jp,Male,Electronics,10/4/2024 741,Erhart,Neild,eneildkk@opera.com,Male,Books,10/25/2023 742,Meredith,Jeannon,mjeannonkl@sfgate.com,Female,Beauty, 743,Marigold,Walthew,mwalthewkm@npr.org,Polygender,Home,5/5/2024 744,Timothy,Casley,tcasleykn@bloglovin.com,Male,Jewelry,12/31/2023 745,Jsandye,Dumberell,jdumberellko@amazonaws.com,Female,Computers,7/7/2024 746,Raffarty,Cozens,rcozenskp@gizmodo.com,Male,Movies,5/26/2024 747,Marissa,Phalp,mphalpkq@unblog.fr,Female,Baby,12/18/2023 748,Welby,Lazer,wlazerkr@ted.com,Male,Kids,6/17/2024 749,Appolonia,Cellone,acelloneks@webmd.com,Non-binary,Sports,7/17/2024 750,Sandye,Idenden,sidendenkt@cdbaby.com,Female,Books,4/15/2024 751,Fleur,Starmer,fstarmerku@bbb.org,Genderqueer,Garden, 752,Durante,Jinda,djindakv@51.la,Polygender,Grocery,9/4/2024 753,Mona,Stenett,mstenettkw@eventbrite.com,Female,Music,5/3/2024 754,Lara,Montfort,lmontfortkx@wufoo.com,Female,Toys,12/12/2023 755,Livvie,Backen,lbackenky@theguardian.com,Female,Home,9/19/2024 756,Paule,Spelling,pspellingkz@newsvine.com,Genderfluid,Games,1/19/2024 757,Heinrik,Catlow,hcatlowl0@g.co,Male,Books,4/18/2024 758,Vonnie,Storrock,vstorrockl1@nsw.gov.au,Female,Health,5/23/2024 759,Agna,Chadderton,achaddertonl2@ocn.ne.jp,Bigender,Toys,10/24/2023 760,Andriette,Stodart,astodartl3@plala.or.jp,Female,Baby, 761,Adella,Roskelly,aroskellyl4@booking.com,Female,Jewelry,5/8/2024 762,Rhianon,Mallebone,rmallebonel5@sina.com.cn,Female,Movies,1/21/2024 763,Sibylla,Gumley,sgumleyl6@businesswire.com,Female,Books,3/24/2024 764,Domeniga,Lambrechts,dlambrechtsl7@mozilla.org,Polygender,Baby,12/16/2023 765,Terrye,Farlamb,tfarlambl8@flickr.com,Female,Books,4/2/2024 766,Korie,Scriviner,kscrivinerl9@dion.ne.jp,Female,Kids,7/9/2024 767,Willi,Broadbent,wbroadbentla@marketwatch.com,Male,Industrial,9/3/2024 768,Kimberli,Guilleton,kguilletonlb@narod.ru,Female,Tools,7/15/2024 769,Joseito,Cramond,jcramondlc@apache.org,Male,Music,1/23/2024 770,Shanan,Antonsson,santonssonld@washingtonpost.com,Genderqueer,Automotive,4/19/2024 771,Seana,McCoole,smccoolele@wikimedia.org,Polygender,Home,6/4/2024 772,Chery,Fibbitts,cfibbittslf@blog.com,Female,Movies,8/9/2024 773,Iosep,Lineham,ilinehamlg@bigcartel.com,Male,Electronics,7/5/2024 774,Brandy,Vergine,bverginelh@1688.com,Male,Health,10/17/2024 775,Blinni,Sinkin,bsinkinli@friendfeed.com,Polygender,Garden,10/9/2024 776,Melisse,Dolohunty,mdolohuntylj@nationalgeographic.com,Female,Outdoors,4/30/2024 777,Kathryn,Amis,kamislk@ed.gov,Female,Beauty,3/29/2024 778,Gradey,Rogers,grogersll@hostgator.com,Genderqueer,Outdoors,11/11/2023 779,Desi,Bampkin,dbampkinlm@ovh.net,Male,Jewelry,8/24/2024 780,Edeline,Coath,ecoathln@opensource.org,Female,Electronics,3/1/2024 781,Crin,Hulcoop,chulcooplo@github.com,Female,Beauty,6/14/2024 782,Nikki,Parry,nparrylp@nasa.gov,Female,Games,3/8/2024 783,Lorne,Cavey,lcaveylq@feedburner.com,Genderqueer,Electronics,10/19/2024 784,Billi,Manley,bmanleylr@washingtonpost.com,Bigender,Sports,12/15/2023 785,Odella,Doe,odoels@webeden.co.uk,Female,Music,9/11/2024 786,Lutero,Spitell,lspitelllt@so-net.ne.jp,Male,Clothing,8/25/2024 787,Raynor,Baack,rbaacklu@joomla.org,Male,Jewelry,8/4/2024 788,Candice,O'Teague,coteaguelv@wp.com,Agender,Beauty,8/27/2024 789,Kendal,Piel,kpiellw@google.com.br,Genderqueer,Garden,1/27/2024 790,Westley,Golding,wgoldinglx@weather.com,Male,Tools,3/27/2024 791,Karel,Wainer,kwainerly@hao123.com,Male,Beauty,7/16/2024 792,Stavros,Deneve,sdenevelz@so-net.ne.jp,Male,Electronics,8/1/2024 793,Alexandra,Gladbeck,agladbeckm0@dot.gov,Female,Jewelry,4/26/2024 794,Hansiain,MacTavish,hmactavishm1@howstuffworks.com,Male,Jewelry,11/11/2023 795,Ade,Skace,askacem2@soundcloud.com,Male,Computers,11/17/2023 796,Nehemiah,Songust,nsongustm3@msu.edu,Male,Garden,4/12/2024 797,Bria,Ianetti,bianettim4@businesswire.com,Female,Health,8/26/2024 798,Melisa,Champken,mchampkenm5@google.com.hk,Female,Baby,3/4/2024 799,Grady,Rosberg,grosbergm6@admin.ch,Male,Jewelry,2/18/2024 800,Armstrong,Loudon,aloudonm7@redcross.org,Male,Outdoors,8/21/2024 801,Broddy,Burgess,bburgessm8@123-reg.co.uk,Male,Automotive,6/15/2024 802,Townie,Dionisetto,tdionisettom9@vk.com,Male,Grocery,2/29/2024 803,Reidar,Duker,rdukerma@topsy.com,Male,Health,4/29/2024 804,Giles,Shingler,gshinglermb@berkeley.edu,Male,Home,8/11/2024 805,Georgianna,Oppery,gopperymc@google.es,Female,Health,4/30/2024 806,Mill,Tillot,mtillotmd@ameblo.jp,Male,Grocery,1/28/2024 807,Naoma,Aprahamian,naprahamianme@theglobeandmail.com,Female,Beauty,9/8/2024 808,Gerik,Barlee,gbarleemf@sina.com.cn,Polygender,Outdoors,6/19/2024 809,Justen,Rigler,jriglermg@feedburner.com,Genderfluid,Computers,3/4/2024 810,Pietra,Yearns,pyearnsmh@surveymonkey.com,Female,Baby,11/30/2023 811,Jan,Mottley,jmottleymi@adobe.com,Male,Health,8/25/2024 812,Ileana,Ilymanov,iilymanovmj@dion.ne.jp,Female,Automotive,1/23/2024 813,Winfield,Boddington,wboddingtonmk@wikia.com,Male,Grocery,7/4/2024 814,Karena,Norcott,knorcottml@dell.com,Non-binary,Electronics,1/26/2024 815,Verne,Matula,vmatulamm@netscape.com,Male,Tools,4/20/2024 816,Malia,Arden,mardenmn@dailymail.co.uk,Female,Kids,5/26/2024 817,Kahlil,Jerome,kjeromemo@tiny.cc,Agender,Movies,5/6/2024 818,Anya,Simao,asimaomp@xing.com,Female,Automotive,9/24/2024 819,Aldwin,Hyman,ahymanmq@purevolume.com,Male,Baby,10/24/2023 820,Ethel,Waite,ewaitemr@imdb.com,Female,Grocery,11/4/2023 821,Hersh,Giovannardi,hgiovannardims@chicagotribune.com,Male,Industrial,8/28/2024 822,Rossie,Curd,rcurdmt@mozilla.com,Male,Books,9/13/2024 823,Garrek,Ismail,gismailmu@shinystat.com,Male,Kids,2/11/2024 824,Harp,Restieaux,hrestieauxmv@cyberchimps.com,Male,Health,12/17/2023 825,Oneida,Durran,odurranmw@xrea.com,Female,Automotive,5/25/2024 826,Damian,Chalcroft,dchalcroftmx@live.com,Male,Electronics,1/26/2024 827,Cindy,Menezes,cmenezesmy@nps.gov,Female,Grocery,3/4/2024 828,Cyrill,Baccas,cbaccasmz@so-net.ne.jp,Male,Grocery,5/30/2024 829,Chester,Sousa,csousan0@wikia.com,Polygender,Tools,4/6/2024 830,Salomone,Whitmarsh,swhitmarshn1@umich.edu,Male,Toys,8/27/2024 831,Vincent,Faro,vfaron2@ted.com,Male,Outdoors,4/9/2024 832,Dacie,Rarity,drarityn3@washington.edu,Female,Garden,6/2/2024 833,Edlin,Henryson,ehenrysonn4@printfriendly.com,Non-binary,Electronics,11/25/2023 834,Ardra,Lalevee,alaleveen5@webmd.com,Female,Computers,3/23/2024 835,Cristina,Slym,cslymn6@miitbeian.gov.cn,Female,Computers,6/13/2024 836,Tirrell,Paireman,tpairemann7@printfriendly.com,Male,Jewelry,11/9/2023 837,Barris,Beernt,bbeerntn8@google.ca,Male,Electronics,6/15/2024 838,Maurise,Cereceres,mcereceresn9@oaic.gov.au,Female,Jewelry,5/9/2024 839,Phil,Taberer,ptabererna@dell.com,Male,Tools,2/10/2024 840,Bernadina,Garwood,bgarwoodnb@tamu.edu,Genderqueer,Music,5/13/2024 841,Jeanie,Turgoose,jturgoosenc@auda.org.au,Female,Sports,5/7/2024 842,Shurlock,Clemot,sclemotnd@latimes.com,Male,Computers,6/10/2024 843,Janeen,Ratie,jratiene@hubpages.com,Female,Movies,12/27/2023 844,Riordan,Rozzell,rrozzellnf@taobao.com,Male,Toys,4/2/2024 845,Beau,Twining,btwiningng@shutterfly.com,Male,Health,7/15/2024 846,Bradford,Lamprecht,blamprechtnh@google.fr,Male,Beauty,4/7/2024 847,Egbert,Grainger,egraingerni@ebay.co.uk,Male,Outdoors,5/26/2024 848,Lev,Tebbet,ltebbetnj@nature.com,Male,Shoes,7/5/2024 849,Tomasina,Kinsey,tkinseynk@github.io,Female,Industrial,1/6/2024 850,Ninette,Ginnell,nginnellnl@youtu.be,Female,Health,1/29/2024 851,Thornton,Clixby,tclixbynm@blog.com,Male,Grocery,7/28/2024 852,Daniela,Consadine,dconsadinenn@ftc.gov,Female,Automotive,8/1/2024 853,Donalt,Pafford,dpaffordno@themeforest.net,Male,Shoes,1/22/2024 854,Angelo,Bentote,abentotenp@china.com.cn,Male,Tools,10/21/2023 855,Vin,Kitteman,vkittemannq@jimdo.com,Female,Industrial,11/15/2023 856,Adelbert,Bertrand,abertrandnr@about.me,Male,Home,2/5/2024 857,Eartha,Farnill,efarnillns@hexun.com,Female,Automotive,10/21/2023 858,Emanuele,Cicccitti,ecicccittint@sciencedaily.com,Male,Garden,12/20/2023 859,Filide,Litchmore,flitchmorenu@uiuc.edu,Female,Games,8/22/2024 860,Augusta,Stowgill,astowgillnv@soup.io,Female,Home,12/21/2023 861,Cullie,MacLeese,cmacleesenw@baidu.com,Male,Baby,4/2/2024 862,Hewitt,Ahrens,hahrensnx@wufoo.com,Male,Clothing,6/7/2024 863,Rafaellle,Unsworth,runsworthny@alexa.com,Male,Electronics,3/8/2024 864,Maureene,Brunger,mbrungernz@hao123.com,Female,Sports,8/1/2024 865,Ruby,Holme,rholmeo0@eventbrite.com,Agender,Computers,7/26/2024 866,Shir,Barnwall,sbarnwallo1@live.com,Female,Books,10/23/2023 867,Obidiah,Cradduck,ocradducko2@yale.edu,Male,Electronics,6/17/2024 868,Cristy,Shearman,cshearmano3@columbia.edu,Female,Industrial,2/6/2024 869,Griffith,Killingsworth,gkillingswortho4@skype.com,Male,Sports,6/29/2024 870,Bjorn,Fowlie,bfowlieo5@stumbleupon.com,Male,Beauty,3/11/2024 871,Ram,Gwatkin,rgwatkino6@lulu.com,Male,Industrial,2/18/2024 872,Daniela,Lakeland,dlakelando7@youtu.be,Bigender,Games,9/22/2024 873,Georgina,McElvogue,gmcelvogueo8@quantcast.com,Female,Music,2/19/2024 874,Wiley,Munkton,wmunktono9@multiply.com,Male,Automotive,5/29/2024 875,Quintana,Altimas,qaltimasoa@indiegogo.com,Female,Shoes,1/11/2024 876,Wilmer,Polhill,wpolhillob@howstuffworks.com,Male,Home,7/19/2024 877,Norton,Mavin,nmavinoc@jigsy.com,Male,Electronics,4/28/2024 878,Lucio,Le Ball,lleballod@bizjournals.com,Male,Home,3/31/2024 879,Blondell,Matzl,bmatzloe@dot.gov,Female,Music,2/1/2024 880,Leonhard,Kipling,lkiplingof@imdb.com,Male,Movies,8/28/2024 881,Georgianne,Measures,gmeasuresog@woothemes.com,Female,Games,5/30/2024 882,Emogene,Dunstan,edunstanoh@pinterest.com,Female,Kids,3/15/2024 883,Florencia,Escreet,fescreetoi@shinystat.com,Female,Outdoors,8/13/2024 884,Petronia,Armistead,parmisteadoj@google.fr,Female,Music,6/30/2024 885,Shandie,Leyban,sleybanok@dagondesign.com,Female,Industrial,12/27/2023 886,Harmonie,Longhirst,hlonghirstol@typepad.com,Female,Electronics,8/22/2024 887,Caren,Dutch,cdutchom@amazon.co.jp,Female,Automotive,12/10/2023 888,Oby,Spere,ospereon@google.com.au,Male,Music,10/4/2024 889,Jacobo,Tweedell,jtweedelloo@bloomberg.com,Male,Grocery,2/5/2024 890,Berthe,MacTeggart,bmacteggartop@twitpic.com,Polygender,Grocery,2/18/2024 891,Benedetta,Stukings,bstukingsoq@epa.gov,Genderqueer,Health,10/30/2023 892,Palm,Maplestone,pmaplestoneor@mysql.com,Male,Clothing,12/23/2023 893,Rodolfo,Bartlam,rbartlamos@arizona.edu,Non-binary,Movies, 894,Willabella,Paula,wpaulaot@webmd.com,Non-binary,Outdoors,7/27/2024 895,Cull,Catto,ccattoou@quantcast.com,Male,Beauty, 896,Hope,Rubartelli,hrubartelliov@boston.com,Female,Jewelry,11/7/2023 897,Donella,Connors,dconnorsow@soundcloud.com,Female,Movies,5/12/2024 898,Marj,MacArthur,mmacarthurox@hostgator.com,Female,Electronics,11/30/2023 899,Fredericka,Owthwaite,fowthwaiteoy@biglobe.ne.jp,Female,Movies,9/21/2024 900,Henderson,Geyton,hgeytonoz@webnode.com,Polygender,Baby,4/21/2024 901,Harper,Garie,hgariep0@cargocollective.com,Male,Clothing,8/19/2024 902,Bud,Rawlinson,brawlinsonp1@nps.gov,Male,Movies,2/17/2024 903,Lin,Hullins,lhullinsp2@livejournal.com,Male,Beauty,6/11/2024 904,Mollee,Hurle,mhurlep3@timesonline.co.uk,Female,Games,1/27/2024 905,Wylma,Shovelton,wshoveltonp4@desdev.cn,Female,Industrial,1/25/2024 906,Warde,Matantsev,wmatantsevp5@jugem.jp,Male,Industrial,2/17/2024 907,Melanie,Riddick,mriddickp6@geocities.jp,Female,Movies,6/24/2024 908,Adda,Statter,astatterp7@amazon.de,Female,Games,2/16/2024 909,Ninetta,Maffioni,nmaffionip8@diigo.com,Female,Beauty,4/1/2024 910,Raychel,Doge,rdogep9@archive.org,Female,Tools,10/9/2024 911,Lizbeth,Amdohr,lamdohrpa@umich.edu,Female,Industrial,1/24/2024 912,Derward,Herculeson,dherculesonpb@tinyurl.com,Male,Home,12/27/2023 913,Bondie,Forster,bforsterpc@constantcontact.com,Male,Shoes,2/7/2024 914,Boone,Stanfield,bstanfieldpd@tumblr.com,Male,Sports,5/17/2024 915,Bertrando,Freebury,bfreeburype@youtube.com,Male,Sports,1/19/2024 916,Eduardo,Pattesall,epattesallpf@gravatar.com,Male,Tools,3/4/2024 917,Clemmy,Trattles,ctrattlespg@dion.ne.jp,Female,Movies, 918,Julita,Marvelley,jmarvelleyph@ning.com,Female,Electronics,7/16/2024 919,Bobbi,Tynnan,btynnanpi@army.mil,Female,Books,8/14/2024 920,Emmott,Galletley,egalletleypj@privacy.gov.au,Male,Clothing,6/7/2024 921,Nikolaus,Nesterov,nnesterovpk@eepurl.com,Male,Automotive,6/19/2024 922,Denney,Ghion,dghionpl@thetimes.co.uk,Male,Grocery,6/11/2024 923,Ravid,Silveston,rsilvestonpm@reference.com,Male,Home,11/25/2023 924,Win,Nibley,wnibleypn@digg.com,Male,Toys,7/10/2024 925,Domenic,Leitch,dleitchpo@statcounter.com,Male,Music,5/21/2024 926,Nance,Cockley,ncockleypp@sciencedaily.com,Female,Home,1/17/2024 927,Avis,Brahan,abrahanpq@booking.com,Female,Baby,3/3/2024 928,Baldwin,Deaton,bdeatonpr@house.gov,Male,Books,8/15/2024 929,Sabrina,Kornel,skornelps@youtu.be,Female,Beauty,10/25/2023 930,Cicily,Woodroff,cwoodroffpt@goo.gl,Female,Music,8/30/2024 931,Corie,Durrett,cdurrettpu@blogspot.com,Female,Outdoors,7/5/2024 932,Jeromy,Drynan,jdrynanpv@pinterest.com,Male,Health,11/15/2023 933,Audie,Segar,asegarpw@dedecms.com,Female,Jewelry,5/28/2024 934,Pascal,Lashmore,plashmorepx@mediafire.com,Male,Industrial,9/19/2024 935,Erskine,McRobb,emcrobbpy@live.com,Male,Sports,9/20/2024 936,Huberto,Koppel,hkoppelpz@furl.net,Male,Computers,4/2/2024 937,Mateo,Poppleton,mpoppletonq0@e-recht24.de,Male,Health,10/19/2023 938,Chicky,Cordingly,ccordinglyq1@techcrunch.com,Male,Computers,1/18/2024 939,Garrott,Calltone,gcalltoneq2@auda.org.au,Male,Grocery,3/9/2024 940,Emlyn,Yakobowitz,eyakobowitzq3@jigsy.com,Female,Grocery,4/18/2024 941,Lucila,Mackerness,lmackernessq4@unicef.org,Female,Automotive,3/25/2024 942,Skip,Yeardley,syeardleyq5@theguardian.com,Male,Beauty,5/13/2024 943,Florella,Piotrowski,fpiotrowskiq6@psu.edu,Female,Computers,3/30/2024 944,Elvyn,Boshard,eboshardq7@cocolog-nifty.com,Male,Shoes,8/15/2024 945,Ezmeralda,Pruce,epruceq8@istockphoto.com,Female,Clothing,12/3/2023 946,Dall,Frowing,dfrowingq9@drupal.org,Male,Baby,7/22/2024 947,Wilmar,Espinha,wespinhaqa@people.com.cn,Male,Movies,11/28/2023 948,Sanford,Levay,slevayqb@cnet.com,Male,Garden,6/8/2024 949,Fredia,Camell,fcamellqc@deviantart.com,Female,Home,9/26/2024 950,Torrin,Clipsham,tclipshamqd@buzzfeed.com,Male,Automotive,10/27/2023 951,Halette,Ezzy,hezzyqe@altervista.org,Female,Outdoors,5/2/2024 952,Dorry,Benjefield,dbenjefieldqf@jugem.jp,Female,Health,11/4/2023 953,Ariel,Saur,asaurqg@sciencedirect.com,Male,Books,7/28/2024 954,Rubi,McArley,rmcarleyqh@uiuc.edu,Female,Sports,8/6/2024 955,Giana,Betton,gbettonqi@opensource.org,Female,Electronics,5/4/2024 956,Odey,Cowterd,ocowterdqj@engadget.com,Male,Beauty,5/16/2024 957,Margareta,Corkett,mcorkettqk@hostgator.com,Female,Outdoors,6/23/2024 958,Eddie,Pattingson,epattingsonql@phpbb.com,Female,Sports,11/4/2023 959,Albina,Asbury,aasburyqm@ft.com,Female,Computers,12/15/2023 960,Giralda,Horrell,ghorrellqn@rakuten.co.jp,Female,Toys,11/19/2023 961,Griff,Annott,gannottqo@instagram.com,Male,Health,1/20/2024 962,Joaquin,D'Errico,jderricoqp@wix.com,Male,Kids,12/13/2023 963,Natka,Croose,ncrooseqq@fc2.com,Non-binary,Computers,7/11/2024 964,Filberto,Olner,folnerqr@amazon.co.uk,Male,Shoes,7/28/2024 965,Lottie,Garbar,lgarbarqs@blogs.com,Female,Books,8/21/2024 966,Rianon,Von Gladbach,rvongladbachqt@technorati.com,Female,Home,10/29/2023 967,Colin,Branchet,cbranchetqu@github.io,Male,Health, 968,Valera,Pollicatt,vpollicattqv@hibu.com,Female,Tools,10/27/2023 969,Dom,Weedon,dweedonqw@nymag.com,Male,Shoes,5/8/2024 970,Julita,Skeath,jskeathqx@artisteer.com,Female,Industrial,7/27/2024 971,James,Stelfax,jstelfaxqy@constantcontact.com,Male,Home, 972,Bab,Vanyushin,bvanyushinqz@photobucket.com,Polygender,Grocery,4/10/2024 973,Dulcine,Crutcher,dcrutcherr0@linkedin.com,Female,Home,2/3/2024 974,Cecilius,Brainsby,cbrainsbyr1@howstuffworks.com,Male,Kids,1/25/2024 975,Sarena,Mellor,smellorr2@squidoo.com,Agender,Electronics,5/6/2024 976,Romain,Matejic,rmatejicr3@angelfire.com,Male,Shoes,7/2/2024 977,Burty,Ivamy,bivamyr4@hhs.gov,Male,Tools,6/23/2024 978,Meghann,Carff,mcarffr5@tripod.com,Female,Music,11/21/2023 979,Chadd,Harmstone,charmstoner6@uol.com.br,Male,Sports,3/26/2024 980,Tracey,Faragher,tfaragherr7@si.edu,Female,Outdoors,1/30/2024 981,Tyrone,Geibel,tgeibelr8@rediff.com,Male,Computers,11/24/2023 982,Yolane,Lerwell,ylerwellr9@phoca.cz,Female,Movies, 983,Laverna,Zuker,lzukerra@newyorker.com,Female,Movies,10/1/2024 984,Alyda,Prentice,aprenticerb@dot.gov,Female,Clothing,7/29/2024 985,Denice,Vero,dverorc@fc2.com,Female,Beauty,8/3/2024 986,Schuyler,Hanmore,shanmorerd@drupal.org,Male,Baby,7/22/2024 987,Georgette,Crole,gcrolere@typepad.com,Female,Movies,5/12/2024 988,Hugues,Dumbelton,hdumbeltonrf@live.com,Male,Shoes,4/10/2024 989,Rosita,Walkley,rwalkleyrg@forbes.com,Female,Beauty,9/20/2024 990,Billye,Mattiessen,bmattiessenrh@discuz.net,Female,Beauty,10/9/2024 991,Hewet,Kilfether,hkilfetherri@zdnet.com,Male,Garden,12/19/2023 992,Christiane,Yarn,cyarnrj@bing.com,Female,Music,9/16/2024 993,Winston,Boscher,wboscherrk@php.net,Male,Kids,9/22/2024 994,Iorgos,Brando,ibrandorl@tmall.com,Male,Industrial,11/20/2023 995,Nanine,Vany,nvanyrm@nyu.edu,Female,Games,12/25/2023 996,Geoffry,Coleyshaw,gcoleyshawrn@exblog.jp,Male,Shoes,6/24/2024 997,Erena,Crosbie,ecrosbiero@usgs.gov,Female,Clothing,8/16/2024 998,Sancho,Cleynman,scleynmanrp@twitter.com,Male,Electronics,1/28/2024 999,Osmund,Hatto,ohattorq@stanford.edu,Male,Garden,7/10/2024 1000,Weider,Massimo,wmassimorr@icq.com,Male,Baby,